--
-- PostgreSQL database dump
--

-- Dumped from database version 14.17 (Ubuntu 14.17-0ubuntu0.22.04.1)
-- Dumped by pg_dump version 14.17 (Ubuntu 14.17-0ubuntu0.22.04.1)

SET statement_timeout = 0;
SET lock_timeout = 0;
SET idle_in_transaction_session_timeout = 0;
SET client_encoding = 'UTF8';
SET standard_conforming_strings = on;
SELECT pg_catalog.set_config('search_path', '', false);
SET check_function_bodies = false;
SET xmloption = content;
SET client_min_messages = warning;
SET row_security = off;

SET default_tablespace = '';

SET default_table_access_method = heap;

--
-- Name: account_emailaddress; Type: TABLE; Schema: public; Owner: postgres
--

CREATE TABLE public.account_emailaddress (
    id integer NOT NULL,
    email character varying(254) NOT NULL,
    verified boolean NOT NULL,
    "primary" boolean NOT NULL,
    user_id uuid NOT NULL
);


ALTER TABLE public.account_emailaddress OWNER TO postgres;

--
-- Name: account_emailaddress_id_seq; Type: SEQUENCE; Schema: public; Owner: postgres
--

ALTER TABLE public.account_emailaddress ALTER COLUMN id ADD GENERATED BY DEFAULT AS IDENTITY (
    SEQUENCE NAME public.account_emailaddress_id_seq
    START WITH 1
    INCREMENT BY 1
    NO MINVALUE
    NO MAXVALUE
    CACHE 1
);


--
-- Name: account_emailconfirmation; Type: TABLE; Schema: public; Owner: postgres
--

CREATE TABLE public.account_emailconfirmation (
    id integer NOT NULL,
    created timestamp with time zone NOT NULL,
    sent timestamp with time zone,
    key character varying(64) NOT NULL,
    email_address_id integer NOT NULL
);


ALTER TABLE public.account_emailconfirmation OWNER TO postgres;

--
-- Name: account_emailconfirmation_id_seq; Type: SEQUENCE; Schema: public; Owner: postgres
--

ALTER TABLE public.account_emailconfirmation ALTER COLUMN id ADD GENERATED BY DEFAULT AS IDENTITY (
    SEQUENCE NAME public.account_emailconfirmation_id_seq
    START WITH 1
    INCREMENT BY 1
    NO MINVALUE
    NO MAXVALUE
    CACHE 1
);


--
-- Name: auth_group; Type: TABLE; Schema: public; Owner: postgres
--

CREATE TABLE public.auth_group (
    id integer NOT NULL,
    name character varying(150) NOT NULL
);


ALTER TABLE public.auth_group OWNER TO postgres;

--
-- Name: auth_group_id_seq; Type: SEQUENCE; Schema: public; Owner: postgres
--

ALTER TABLE public.auth_group ALTER COLUMN id ADD GENERATED BY DEFAULT AS IDENTITY (
    SEQUENCE NAME public.auth_group_id_seq
    START WITH 1
    INCREMENT BY 1
    NO MINVALUE
    NO MAXVALUE
    CACHE 1
);


--
-- Name: auth_group_permissions; Type: TABLE; Schema: public; Owner: postgres
--

CREATE TABLE public.auth_group_permissions (
    id bigint NOT NULL,
    group_id integer NOT NULL,
    permission_id integer NOT NULL
);


ALTER TABLE public.auth_group_permissions OWNER TO postgres;

--
-- Name: auth_group_permissions_id_seq; Type: SEQUENCE; Schema: public; Owner: postgres
--

ALTER TABLE public.auth_group_permissions ALTER COLUMN id ADD GENERATED BY DEFAULT AS IDENTITY (
    SEQUENCE NAME public.auth_group_permissions_id_seq
    START WITH 1
    INCREMENT BY 1
    NO MINVALUE
    NO MAXVALUE
    CACHE 1
);


--
-- Name: auth_permission; Type: TABLE; Schema: public; Owner: postgres
--

CREATE TABLE public.auth_permission (
    id integer NOT NULL,
    name character varying(255) NOT NULL,
    content_type_id integer NOT NULL,
    codename character varying(100) NOT NULL
);


ALTER TABLE public.auth_permission OWNER TO postgres;

--
-- Name: auth_permission_id_seq; Type: SEQUENCE; Schema: public; Owner: postgres
--

ALTER TABLE public.auth_permission ALTER COLUMN id ADD GENERATED BY DEFAULT AS IDENTITY (
    SEQUENCE NAME public.auth_permission_id_seq
    START WITH 1
    INCREMENT BY 1
    NO MINVALUE
    NO MAXVALUE
    CACHE 1
);


--
-- Name: django_admin_log; Type: TABLE; Schema: public; Owner: postgres
--

CREATE TABLE public.django_admin_log (
    id integer NOT NULL,
    action_time timestamp with time zone NOT NULL,
    object_id text,
    object_repr character varying(200) NOT NULL,
    action_flag smallint NOT NULL,
    change_message text NOT NULL,
    content_type_id integer,
    user_id uuid NOT NULL,
    CONSTRAINT django_admin_log_action_flag_check CHECK ((action_flag >= 0))
);


ALTER TABLE public.django_admin_log OWNER TO postgres;

--
-- Name: django_admin_log_id_seq; Type: SEQUENCE; Schema: public; Owner: postgres
--

ALTER TABLE public.django_admin_log ALTER COLUMN id ADD GENERATED BY DEFAULT AS IDENTITY (
    SEQUENCE NAME public.django_admin_log_id_seq
    START WITH 1
    INCREMENT BY 1
    NO MINVALUE
    NO MAXVALUE
    CACHE 1
);


--
-- Name: django_content_type; Type: TABLE; Schema: public; Owner: postgres
--

CREATE TABLE public.django_content_type (
    id integer NOT NULL,
    app_label character varying(100) NOT NULL,
    model character varying(100) NOT NULL
);


ALTER TABLE public.django_content_type OWNER TO postgres;

--
-- Name: django_content_type_id_seq; Type: SEQUENCE; Schema: public; Owner: postgres
--

ALTER TABLE public.django_content_type ALTER COLUMN id ADD GENERATED BY DEFAULT AS IDENTITY (
    SEQUENCE NAME public.django_content_type_id_seq
    START WITH 1
    INCREMENT BY 1
    NO MINVALUE
    NO MAXVALUE
    CACHE 1
);


--
-- Name: django_migrations; Type: TABLE; Schema: public; Owner: postgres
--

CREATE TABLE public.django_migrations (
    id bigint NOT NULL,
    app character varying(255) NOT NULL,
    name character varying(255) NOT NULL,
    applied timestamp with time zone NOT NULL
);


ALTER TABLE public.django_migrations OWNER TO postgres;

--
-- Name: django_migrations_id_seq; Type: SEQUENCE; Schema: public; Owner: postgres
--

ALTER TABLE public.django_migrations ALTER COLUMN id ADD GENERATED BY DEFAULT AS IDENTITY (
    SEQUENCE NAME public.django_migrations_id_seq
    START WITH 1
    INCREMENT BY 1
    NO MINVALUE
    NO MAXVALUE
    CACHE 1
);


--
-- Name: django_session; Type: TABLE; Schema: public; Owner: postgres
--

CREATE TABLE public.django_session (
    session_key character varying(40) NOT NULL,
    session_data text NOT NULL,
    expire_date timestamp with time zone NOT NULL
);


ALTER TABLE public.django_session OWNER TO postgres;

--
-- Name: django_site; Type: TABLE; Schema: public; Owner: postgres
--

CREATE TABLE public.django_site (
    id integer NOT NULL,
    domain character varying(100) NOT NULL,
    name character varying(50) NOT NULL
);


ALTER TABLE public.django_site OWNER TO postgres;

--
-- Name: django_site_id_seq; Type: SEQUENCE; Schema: public; Owner: postgres
--

ALTER TABLE public.django_site ALTER COLUMN id ADD GENERATED BY DEFAULT AS IDENTITY (
    SEQUENCE NAME public.django_site_id_seq
    START WITH 1
    INCREMENT BY 1
    NO MINVALUE
    NO MAXVALUE
    CACHE 1
);


--
-- Name: mapel; Type: TABLE; Schema: public; Owner: postgres
--

CREATE TABLE public.mapel (
    id uuid NOT NULL,
    nama character varying(100) NOT NULL,
    kode character varying(10) NOT NULL,
    kelompok character varying(10) NOT NULL,
    created_at timestamp with time zone NOT NULL,
    updated_at timestamp with time zone NOT NULL,
    organization_id uuid,
    created_by_id uuid
);


ALTER TABLE public.mapel OWNER TO postgres;

--
-- Name: materi; Type: TABLE; Schema: public; Owner: postgres
--

CREATE TABLE public.materi (
    id uuid NOT NULL,
    title character varying(100) NOT NULL,
    content text NOT NULL,
    file character varying(100),
    created_at timestamp with time zone NOT NULL,
    updated_at timestamp with time zone NOT NULL,
    created_by_id uuid NOT NULL,
    mapel_id uuid NOT NULL,
    organization_id uuid
);


ALTER TABLE public.materi OWNER TO postgres;

--
-- Name: organizations; Type: TABLE; Schema: public; Owner: postgres
--

CREATE TABLE public.organizations (
    id uuid NOT NULL,
    name character varying(100),
    email character varying,
    alamat character varying(100),
    kota character varying(100),
    provinsi character varying(100)
);


ALTER TABLE public.organizations OWNER TO postgres;

--
-- Name: socialaccount_socialaccount; Type: TABLE; Schema: public; Owner: postgres
--

CREATE TABLE public.socialaccount_socialaccount (
    id integer NOT NULL,
    provider character varying(200) NOT NULL,
    uid character varying(191) NOT NULL,
    last_login timestamp with time zone NOT NULL,
    date_joined timestamp with time zone NOT NULL,
    extra_data jsonb NOT NULL,
    user_id uuid NOT NULL
);


ALTER TABLE public.socialaccount_socialaccount OWNER TO postgres;

--
-- Name: socialaccount_socialaccount_id_seq; Type: SEQUENCE; Schema: public; Owner: postgres
--

ALTER TABLE public.socialaccount_socialaccount ALTER COLUMN id ADD GENERATED BY DEFAULT AS IDENTITY (
    SEQUENCE NAME public.socialaccount_socialaccount_id_seq
    START WITH 1
    INCREMENT BY 1
    NO MINVALUE
    NO MAXVALUE
    CACHE 1
);


--
-- Name: socialaccount_socialapp; Type: TABLE; Schema: public; Owner: postgres
--

CREATE TABLE public.socialaccount_socialapp (
    id integer NOT NULL,
    provider character varying(30) NOT NULL,
    name character varying(40) NOT NULL,
    client_id character varying(191) NOT NULL,
    secret character varying(191) NOT NULL,
    key character varying(191) NOT NULL,
    provider_id character varying(200) NOT NULL,
    settings jsonb NOT NULL
);


ALTER TABLE public.socialaccount_socialapp OWNER TO postgres;

--
-- Name: socialaccount_socialapp_id_seq; Type: SEQUENCE; Schema: public; Owner: postgres
--

ALTER TABLE public.socialaccount_socialapp ALTER COLUMN id ADD GENERATED BY DEFAULT AS IDENTITY (
    SEQUENCE NAME public.socialaccount_socialapp_id_seq
    START WITH 1
    INCREMENT BY 1
    NO MINVALUE
    NO MAXVALUE
    CACHE 1
);


--
-- Name: socialaccount_socialapp_sites; Type: TABLE; Schema: public; Owner: postgres
--

CREATE TABLE public.socialaccount_socialapp_sites (
    id bigint NOT NULL,
    socialapp_id integer NOT NULL,
    site_id integer NOT NULL
);


ALTER TABLE public.socialaccount_socialapp_sites OWNER TO postgres;

--
-- Name: socialaccount_socialapp_sites_id_seq; Type: SEQUENCE; Schema: public; Owner: postgres
--

ALTER TABLE public.socialaccount_socialapp_sites ALTER COLUMN id ADD GENERATED BY DEFAULT AS IDENTITY (
    SEQUENCE NAME public.socialaccount_socialapp_sites_id_seq
    START WITH 1
    INCREMENT BY 1
    NO MINVALUE
    NO MAXVALUE
    CACHE 1
);


--
-- Name: socialaccount_socialtoken; Type: TABLE; Schema: public; Owner: postgres
--

CREATE TABLE public.socialaccount_socialtoken (
    id integer NOT NULL,
    token text NOT NULL,
    token_secret text NOT NULL,
    expires_at timestamp with time zone,
    account_id integer NOT NULL,
    app_id integer
);


ALTER TABLE public.socialaccount_socialtoken OWNER TO postgres;

--
-- Name: socialaccount_socialtoken_id_seq; Type: SEQUENCE; Schema: public; Owner: postgres
--

ALTER TABLE public.socialaccount_socialtoken ALTER COLUMN id ADD GENERATED BY DEFAULT AS IDENTITY (
    SEQUENCE NAME public.socialaccount_socialtoken_id_seq
    START WITH 1
    INCREMENT BY 1
    NO MINVALUE
    NO MAXVALUE
    CACHE 1
);


--
-- Name: users; Type: TABLE; Schema: public; Owner: postgres
--

CREATE TABLE public.users (
    password character varying(128) NOT NULL,
    last_login timestamp with time zone,
    is_superuser boolean NOT NULL,
    first_name character varying(150) NOT NULL,
    last_name character varying(150) NOT NULL,
    is_staff boolean NOT NULL,
    is_active boolean NOT NULL,
    date_joined timestamp with time zone NOT NULL,
    id uuid NOT NULL,
    nama character varying(100),
    email character varying,
    username character varying(100),
    organization_id uuid
);


ALTER TABLE public.users OWNER TO postgres;

--
-- Name: users_groups; Type: TABLE; Schema: public; Owner: postgres
--

CREATE TABLE public.users_groups (
    id bigint NOT NULL,
    user_id uuid NOT NULL,
    group_id integer NOT NULL
);


ALTER TABLE public.users_groups OWNER TO postgres;

--
-- Name: users_groups_id_seq; Type: SEQUENCE; Schema: public; Owner: postgres
--

ALTER TABLE public.users_groups ALTER COLUMN id ADD GENERATED BY DEFAULT AS IDENTITY (
    SEQUENCE NAME public.users_groups_id_seq
    START WITH 1
    INCREMENT BY 1
    NO MINVALUE
    NO MAXVALUE
    CACHE 1
);


--
-- Name: users_user_permissions; Type: TABLE; Schema: public; Owner: postgres
--

CREATE TABLE public.users_user_permissions (
    id bigint NOT NULL,
    user_id uuid NOT NULL,
    permission_id integer NOT NULL
);


ALTER TABLE public.users_user_permissions OWNER TO postgres;

--
-- Name: users_user_permissions_id_seq; Type: SEQUENCE; Schema: public; Owner: postgres
--

ALTER TABLE public.users_user_permissions ALTER COLUMN id ADD GENERATED BY DEFAULT AS IDENTITY (
    SEQUENCE NAME public.users_user_permissions_id_seq
    START WITH 1
    INCREMENT BY 1
    NO MINVALUE
    NO MAXVALUE
    CACHE 1
);


--
-- Data for Name: account_emailaddress; Type: TABLE DATA; Schema: public; Owner: postgres
--

COPY public.account_emailaddress (id, email, verified, "primary", user_id) FROM stdin;
\.


--
-- Data for Name: account_emailconfirmation; Type: TABLE DATA; Schema: public; Owner: postgres
--

COPY public.account_emailconfirmation (id, created, sent, key, email_address_id) FROM stdin;
\.


--
-- Data for Name: auth_group; Type: TABLE DATA; Schema: public; Owner: postgres
--

COPY public.auth_group (id, name) FROM stdin;
1	Teacher
2	Student
3	Manager
4	Administrator
\.


--
-- Data for Name: auth_group_permissions; Type: TABLE DATA; Schema: public; Owner: postgres
--

COPY public.auth_group_permissions (id, group_id, permission_id) FROM stdin;
1	4	1
2	4	2
3	4	3
4	4	4
5	4	5
6	4	6
7	4	7
8	4	8
9	4	9
10	4	10
11	4	11
12	4	12
13	4	13
14	4	14
15	4	15
16	4	16
17	4	17
18	4	18
19	4	19
20	4	20
21	4	21
22	4	22
23	4	23
24	4	24
25	4	25
26	4	26
27	4	27
28	4	28
29	4	29
30	4	30
31	4	31
32	4	32
33	4	33
34	4	34
35	4	35
36	4	36
37	4	37
38	4	38
39	4	39
40	4	40
41	4	41
42	4	42
43	4	43
44	4	44
45	4	45
46	4	46
47	4	47
48	4	48
\.


--
-- Data for Name: auth_permission; Type: TABLE DATA; Schema: public; Owner: postgres
--

COPY public.auth_permission (id, name, content_type_id, codename) FROM stdin;
1	Can add log entry	1	add_logentry
2	Can change log entry	1	change_logentry
3	Can delete log entry	1	delete_logentry
4	Can view log entry	1	view_logentry
5	Can add permission	2	add_permission
6	Can change permission	2	change_permission
7	Can delete permission	2	delete_permission
8	Can view permission	2	view_permission
9	Can add group	3	add_group
10	Can change group	3	change_group
11	Can delete group	3	delete_group
12	Can view group	3	view_group
13	Can add content type	4	add_contenttype
14	Can change content type	4	change_contenttype
15	Can delete content type	4	delete_contenttype
16	Can view content type	4	view_contenttype
17	Can add session	5	add_session
18	Can change session	5	change_session
19	Can delete session	5	delete_session
20	Can view session	5	view_session
21	Can add User	6	add_user
22	Can change User	6	change_user
23	Can delete User	6	delete_user
24	Can view User	6	view_user
25	Can add email address	7	add_emailaddress
26	Can change email address	7	change_emailaddress
27	Can delete email address	7	delete_emailaddress
28	Can view email address	7	view_emailaddress
29	Can add email confirmation	8	add_emailconfirmation
30	Can change email confirmation	8	change_emailconfirmation
31	Can delete email confirmation	8	delete_emailconfirmation
32	Can view email confirmation	8	view_emailconfirmation
33	Can add social account	9	add_socialaccount
34	Can change social account	9	change_socialaccount
35	Can delete social account	9	delete_socialaccount
36	Can view social account	9	view_socialaccount
37	Can add social application	10	add_socialapp
38	Can change social application	10	change_socialapp
39	Can delete social application	10	delete_socialapp
40	Can view social application	10	view_socialapp
41	Can add social application token	11	add_socialtoken
42	Can change social application token	11	change_socialtoken
43	Can delete social application token	11	delete_socialtoken
44	Can view social application token	11	view_socialtoken
45	Can add site	12	add_site
46	Can change site	12	change_site
47	Can delete site	12	delete_site
48	Can view site	12	view_site
49	Can add Organization	13	add_organization
50	Can change Organization	13	change_organization
51	Can delete Organization	13	delete_organization
52	Can view Organization	13	view_organization
53	Can add mapel	14	add_mapel
54	Can change mapel	14	change_mapel
55	Can delete mapel	14	delete_mapel
56	Can view mapel	14	view_mapel
57	Can add Materi	15	add_materi
58	Can change Materi	15	change_materi
59	Can delete Materi	15	delete_materi
60	Can view Materi	15	view_materi
\.


--
-- Data for Name: django_admin_log; Type: TABLE DATA; Schema: public; Owner: postgres
--

COPY public.django_admin_log (id, action_time, object_id, object_repr, action_flag, change_message, content_type_id, user_id) FROM stdin;
1	2025-05-12 17:26:34.621884+07	1	Teacher	1	[{"added": {}}]	3	49b34d95-7144-4f87-af35-9f149bbab533
2	2025-05-12 17:26:42.352532+07	2	Student	1	[{"added": {}}]	3	49b34d95-7144-4f87-af35-9f149bbab533
3	2025-05-12 17:26:56.442836+07	3	Manager	1	[{"added": {}}]	3	49b34d95-7144-4f87-af35-9f149bbab533
4	2025-05-12 17:30:21.230717+07	335baf18-2f24-4af1-8f86-78593332e865	septa	2	[{"changed": {"fields": ["Last login", "Groups", "User permissions", "Email"]}}]	6	49b34d95-7144-4f87-af35-9f149bbab533
5	2025-05-12 17:32:28.247239+07	4	Administrator	1	[{"added": {}}]	3	49b34d95-7144-4f87-af35-9f149bbab533
6	2025-05-16 14:52:34.590744+07	7f64dbc5-de47-4a2e-ae4b-4fa7c4d3d991	Testing	2	[{"changed": {"fields": ["Title", "Content"]}}]	15	49b34d95-7144-4f87-af35-9f149bbab533
7	2025-05-16 14:53:00.538689+07	7f64dbc5-de47-4a2e-ae4b-4fa7c4d3d991	Testing	2	[{"changed": {"fields": ["Content"]}}]	15	49b34d95-7144-4f87-af35-9f149bbab533
8	2025-05-16 16:51:59.855495+07	bbe55c37-a17c-4ad3-832f-ad22471b8efa	fdg dfgdgdfgd	2	[{"changed": {"fields": ["Content"]}}]	15	49b34d95-7144-4f87-af35-9f149bbab533
9	2025-05-16 17:09:23.699425+07	bbe55c37-a17c-4ad3-832f-ad22471b8efa	masalah 1	2	[{"changed": {"fields": ["Title", "Content"]}}]	15	49b34d95-7144-4f87-af35-9f149bbab533
\.


--
-- Data for Name: django_content_type; Type: TABLE DATA; Schema: public; Owner: postgres
--

COPY public.django_content_type (id, app_label, model) FROM stdin;
1	admin	logentry
2	auth	permission
3	auth	group
4	contenttypes	contenttype
5	sessions	session
6	users	user
7	account	emailaddress
8	account	emailconfirmation
9	socialaccount	socialaccount
10	socialaccount	socialapp
11	socialaccount	socialtoken
12	sites	site
13	users	organization
14	mapel	mapel
15	materi	materi
\.


--
-- Data for Name: django_migrations; Type: TABLE DATA; Schema: public; Owner: postgres
--

COPY public.django_migrations (id, app, name, applied) FROM stdin;
1	contenttypes	0001_initial	2025-05-12 08:42:42.363761+07
2	contenttypes	0002_remove_content_type_name	2025-05-12 08:42:42.372789+07
3	auth	0001_initial	2025-05-12 08:42:42.42713+07
4	auth	0002_alter_permission_name_max_length	2025-05-12 08:42:42.437345+07
5	auth	0003_alter_user_email_max_length	2025-05-12 08:42:42.444231+07
6	auth	0004_alter_user_username_opts	2025-05-12 08:42:42.450884+07
7	auth	0005_alter_user_last_login_null	2025-05-12 08:42:42.456496+07
8	auth	0006_require_contenttypes_0002	2025-05-12 08:42:42.45823+07
9	auth	0007_alter_validators_add_error_messages	2025-05-12 08:42:42.465741+07
10	auth	0008_alter_user_username_max_length	2025-05-12 08:42:42.472544+07
11	auth	0009_alter_user_last_name_max_length	2025-05-12 08:42:42.478363+07
12	auth	0010_alter_group_name_max_length	2025-05-12 08:42:42.484813+07
13	auth	0011_update_proxy_permissions	2025-05-12 08:42:42.492536+07
14	auth	0012_alter_user_first_name_max_length	2025-05-12 08:42:42.501612+07
15	users	0001_initial	2025-05-12 08:42:42.561894+07
16	admin	0001_initial	2025-05-12 08:42:42.591418+07
17	admin	0002_logentry_remove_auto_add	2025-05-12 08:42:42.601866+07
18	admin	0003_logentry_add_action_flag_choices	2025-05-12 08:42:42.610713+07
19	sessions	0001_initial	2025-05-12 08:42:42.630749+07
20	account	0001_initial	2025-05-12 08:56:18.635562+07
21	account	0002_email_max_length	2025-05-12 08:56:18.647095+07
22	account	0003_alter_emailaddress_create_unique_verified_email	2025-05-12 08:56:18.674424+07
23	account	0004_alter_emailaddress_drop_unique_email	2025-05-12 08:56:18.689896+07
24	account	0005_emailaddress_idx_upper_email	2025-05-12 08:56:18.705521+07
25	account	0006_emailaddress_lower	2025-05-12 08:56:18.721225+07
26	account	0007_emailaddress_idx_email	2025-05-12 08:56:18.7466+07
27	account	0008_emailaddress_unique_primary_email_fixup	2025-05-12 08:56:18.764001+07
28	account	0009_emailaddress_unique_primary_email	2025-05-12 08:56:18.775778+07
35	sites	0001_initial	2025-05-12 13:51:17.687101+07
36	sites	0002_alter_domain_unique	2025-05-12 13:51:17.699444+07
37	socialaccount	0001_initial	2025-05-12 13:52:48.512058+07
38	socialaccount	0002_token_max_lengths	2025-05-12 13:52:48.543989+07
39	socialaccount	0003_extra_data_default_dict	2025-05-12 13:52:48.555805+07
40	socialaccount	0004_app_provider_id_settings	2025-05-12 13:52:48.578724+07
41	socialaccount	0005_socialtoken_nullable_app	2025-05-12 13:52:48.598751+07
42	socialaccount	0006_alter_socialaccount_extra_data	2025-05-12 13:52:48.622814+07
43	users	0002_organization_alter_user_email_user_organization	2025-05-12 19:51:28.628288+07
44	users	0003_remove_user_organization_user_organizations	2025-05-12 21:23:22.814062+07
45	users	0004_alter_user_organizations_user_date_joined_idx_and_more	2025-05-14 10:05:50.566485+07
47	mapel	0001_initial	2025-05-14 10:57:54.592187+07
48	materi	0001_initial	2025-05-14 11:31:03.977224+07
49	mapel	0002_mapel_organization	2025-05-15 07:17:03.414713+07
50	users	0005_remove_user_organizations_user_organization	2025-05-15 07:18:25.93038+07
51	materi	0002_materi_organization_materi_created_by_idx_and_more	2025-05-15 07:21:27.94456+07
52	mapel	0003_mapel_created_by	2025-05-15 07:23:55.420184+07
53	mapel	0004_mapel_organization_mapel_idx	2025-05-15 07:25:52.925721+07
54	materi	0003_remove_materi_created_by_idx_and_more	2025-05-15 07:29:05.599112+07
55	mapel	0005_remove_mapel_organization_mapel_idx	2025-05-15 07:30:03.049744+07
56	materi	0004_alter_materi_content_alter_materi_file	2025-05-16 14:37:19.521113+07
\.


--
-- Data for Name: django_session; Type: TABLE DATA; Schema: public; Owner: postgres
--

COPY public.django_session (session_key, session_data, expire_date) FROM stdin;
bempeldik7v0favyeuo8l0fnzg3cnbjj	.eJwlycEKAiEQANB_mbPEbi6MeeuSl04dIooQmZ1CEl3U3Yv47wW962tQEnkXHFFaY7WlusoFdIODMVdlLhjG03a-H2-gHw2WnIjL7yGkt48gYHbVgY5rCAKWD7GlNLPdOPuX5_yfLkaccJB7pXCHSg5yUs_ev3lcKSU:1uEO8X:YzUZ666iO3UC8T8Q_tgKIgghDcgczHuJMOzGsnPHUNU	2025-05-26 15:03:45.858582+07
gjsa4m353isxc3g9udnuyuz8z10onn68	.eJxVjjsOwjAQRO_iGkfxbvwJHUgcgTpa27tKBEkRkwpxdxwpBXTzpHmaeauBttc4bIXXYcrqrBBtJDFBg0Cnuxp1kOC0D7ZHRODgrDr9apHSg5fd3bE0B5fmXnGhmW8zTc9L7V-P5p8-UhmrK8gIgepMC6ZPnlMQK5Qdc3TigE0Eb8VlwR3QmBiJWki2fvQZ1OcLKAlAqA:1uFs4k:ChaDuMXCWGjNZKq-t8Rv7PfB-8TJAMNsVwcXqTGI2H8	2025-05-30 17:13:58.082988+07
n4qmmqobxj4s4vzyk69igeagvkdgwco9	.eJxVjjsOwjAQRO_iGkfxbvwJHUgcgTpa27tKBEkRkwpxdxwpBXTzpHmaeauBttc4bIXXYcrqrBBtJDFBg0Cnuxp1kOC0D7ZHRODgrDr9apHSg5fd3bE0B5fmXnGhmW8zTc9L7V-P5p8-UhmrK8gIgepMC6ZPnlMQK5Qdc3TigE0Eb8VlwR3QmBiJWki2fvQZ1OcLKAlAqA:1uHMUX:muDjF4RprDdGJDzQmrx67_hlgEpJX3Y5rcCBWYJaMVg	2025-06-03 19:54:45.968506+07
\.


--
-- Data for Name: django_site; Type: TABLE DATA; Schema: public; Owner: postgres
--

COPY public.django_site (id, domain, name) FROM stdin;
1	example.com	example.com
\.


--
-- Data for Name: mapel; Type: TABLE DATA; Schema: public; Owner: postgres
--

COPY public.mapel (id, nama, kode, kelompok, created_at, updated_at, organization_id, created_by_id) FROM stdin;
ff6795f2-41bf-4879-a5b4-745a0d09f266	Matematika	MTK	IPA	2025-05-14 11:21:24.801217+07	2025-05-14 11:21:24.801241+07	da9b8425-7f63-4ecc-be98-6ae69f0a4e13	335baf18-2f24-4af1-8f86-78593332e865
c7d5a997-bc91-4cbb-bf3b-6439087915e4	Fiqih	FQH	PAI	2025-05-14 11:21:24.801263+07	2025-05-14 11:21:24.801271+07	da9b8425-7f63-4ecc-be98-6ae69f0a4e13	335baf18-2f24-4af1-8f86-78593332e865
162da808-08db-4ac7-889b-f033ccd613b1	Bahasa Inggris	BING	IPS	2025-05-14 11:21:24.801292+07	2025-05-14 11:21:24.8013+07	da9b8425-7f63-4ecc-be98-6ae69f0a4e13	335baf18-2f24-4af1-8f86-78593332e865
ff739e9e-61d9-44b6-bc5a-8b4a267d8ba1	Seni Budaya	SB	SB	2025-05-14 11:21:24.801319+07	2025-05-14 11:21:24.801342+07	da9b8425-7f63-4ecc-be98-6ae69f0a4e13	335baf18-2f24-4af1-8f86-78593332e865
a5b94b40-d1d9-40dc-bd07-6154f562c0b0	Mobil	01133	323 23e2 3	2025-05-14 22:20:23.635161+07	2025-05-14 22:20:23.635194+07	da9b8425-7f63-4ecc-be98-6ae69f0a4e13	335baf18-2f24-4af1-8f86-78593332e865
5257e2b0-7e8b-419e-9a2b-d692bdfac1bd	sssss	ss	sss	2025-05-15 19:46:04.768804+07	2025-05-15 19:46:04.768851+07	da9b8425-7f63-4ecc-be98-6ae69f0a4e13	335baf18-2f24-4af1-8f86-78593332e865
49462bf0-d3bb-4e08-a376-3db3e859e9ca	dsdasd	asdasd	asdasd	2025-05-15 19:46:43.379383+07	2025-05-15 19:46:43.379398+07	da9b8425-7f63-4ecc-be98-6ae69f0a4e13	335baf18-2f24-4af1-8f86-78593332e865
94c90fe4-bd47-4d90-afcd-4c9a6dad4815	sdcsdcs	sdcsdcdsc	dddd	2025-05-15 19:47:33.285483+07	2025-05-18 09:13:03.623615+07	da9b8425-7f63-4ecc-be98-6ae69f0a4e13	335baf18-2f24-4af1-8f86-78593332e865
\.


--
-- Data for Name: materi; Type: TABLE DATA; Schema: public; Owner: postgres
--

COPY public.materi (id, title, content, file, created_at, updated_at, created_by_id, mapel_id, organization_id) FROM stdin;
6b681280-1882-497e-a0e4-4cda1a869080	sdcsdcsd	scsdcsdcsd sdsdc	materi/Modul_PAI_Kelas_X_Detail_Ig8rBON.pdf	2025-05-15 21:08:16.51536+07	2025-05-15 21:08:16.515378+07	335baf18-2f24-4af1-8f86-78593332e865	ff6795f2-41bf-4879-a5b4-745a0d09f266	da9b8425-7f63-4ecc-be98-6ae69f0a4e13
747de41d-231b-4eeb-ba8e-f765df9f5d2c	saxas	asxasxasx	materi/ebeffe6c13884003ae394f258e27e2b5.pdf	2025-05-15 21:15:20.411967+07	2025-05-15 21:15:20.411985+07	335baf18-2f24-4af1-8f86-78593332e865	c7d5a997-bc91-4cbb-bf3b-6439087915e4	da9b8425-7f63-4ecc-be98-6ae69f0a4e13
2659f718-3b8c-42db-8c28-791a6249e53b	as asdasd as	asd asda sdas dasd	materi/ccc4e668d1874e6094ff9599559847e0/Lets_Talk_.....Film.pdf	2025-05-15 21:18:49.700503+07	2025-05-15 21:18:49.700531+07	335baf18-2f24-4af1-8f86-78593332e865	162da808-08db-4ac7-889b-f033ccd613b1	da9b8425-7f63-4ecc-be98-6ae69f0a4e13
7f64dbc5-de47-4a2e-ae4b-4fa7c4d3d991	Testing	<p>Transform Learning with <strong>AI-Powered LMS</strong></p>	materi/Modul_PAI_Kelas_X_Detail.pdf	2025-05-15 21:07:42.775942+07	2025-05-16 14:53:00.536872+07	335baf18-2f24-4af1-8f86-78593332e865	ff6795f2-41bf-4879-a5b4-745a0d09f266	da9b8425-7f63-4ecc-be98-6ae69f0a4e13
bbe55c37-a17c-4ad3-832f-ad22471b8efa	masalah 1	<p>ada masalah</p>		2025-05-16 16:21:03.456595+07	2025-05-16 17:09:23.698108+07	335baf18-2f24-4af1-8f86-78593332e865	c7d5a997-bc91-4cbb-bf3b-6439087915e4	da9b8425-7f63-4ecc-be98-6ae69f0a4e13
e6c10c93-311e-4266-8d96-cd734a541824	Testing input materi	<p>Testing input mater</p>	materi/f446d101642744a09812dbbac7f88059/Materi_Aqidah_Detail.pdf	2025-05-18 08:00:36.500125+07	2025-05-18 08:03:11.448828+07	335baf18-2f24-4af1-8f86-78593332e865	c7d5a997-bc91-4cbb-bf3b-6439087915e4	da9b8425-7f63-4ecc-be98-6ae69f0a4e13
\.


--
-- Data for Name: organizations; Type: TABLE DATA; Schema: public; Owner: postgres
--

COPY public.organizations (id, name, email, alamat, kota, provinsi) FROM stdin;
da9b8425-7f63-4ecc-be98-6ae69f0a4e13	SD IT Nahwannur	sdit@gmail.com	Uteun Geulingngan\r\n                                    \r\n                                    	Aceh Utara	Aceh
\.


--
-- Data for Name: socialaccount_socialaccount; Type: TABLE DATA; Schema: public; Owner: postgres
--

COPY public.socialaccount_socialaccount (id, provider, uid, last_login, date_joined, extra_data, user_id) FROM stdin;
\.


--
-- Data for Name: socialaccount_socialapp; Type: TABLE DATA; Schema: public; Owner: postgres
--

COPY public.socialaccount_socialapp (id, provider, name, client_id, secret, key, provider_id, settings) FROM stdin;
\.


--
-- Data for Name: socialaccount_socialapp_sites; Type: TABLE DATA; Schema: public; Owner: postgres
--

COPY public.socialaccount_socialapp_sites (id, socialapp_id, site_id) FROM stdin;
\.


--
-- Data for Name: socialaccount_socialtoken; Type: TABLE DATA; Schema: public; Owner: postgres
--

COPY public.socialaccount_socialtoken (id, token, token_secret, expires_at, account_id, app_id) FROM stdin;
\.


--
-- Data for Name: users; Type: TABLE DATA; Schema: public; Owner: postgres
--

COPY public.users (password, last_login, is_superuser, first_name, last_name, is_staff, is_active, date_joined, id, nama, email, username, organization_id) FROM stdin;
pbkdf2_sha256$1000000$cvWyTUxWCqIPAgv9b5bHEJ$sqtrlO0ZaCgJwUT6Fd/MBz+b/26m4+1LS7wfm8XxUko=	2025-05-16 16:51:37.791019+07	t			t	t	2025-05-12 09:03:13.777682+07	49b34d95-7144-4f87-af35-9f149bbab533	\N	\N	admin	\N
pbkdf2_sha256$1000000$7J73CvbonfJQ0fsjHVHxrX$fdglK5YMm5jaZ7C+WpguJPSTVgUSD76YqIRY1L8dGMY=	\N	f			f	t	2025-05-12 19:57:18.390594+07	a6585806-5c44-4b36-96da-5a51b89e349c	\N	lokal	lokal	\N
pbkdf2_sha256$1000000$Yo1hqkUr6823Sh8rSczuvK$0O2gPRCiL0iIzgthcd7FaOuPF5KsTIncz7zbXmIIvlo=	2025-05-20 19:54:45.96161+07	f			f	t	2025-05-12 14:40:11+07	335baf18-2f24-4af1-8f86-78593332e865	\N		septa	da9b8425-7f63-4ecc-be98-6ae69f0a4e13
pbkdf2_sha256$1000000$1FByWCaIZ73nsGxkpnyTqu$4UfWfDyhDHmoqXqcWSJWnJO8QnNYRUYGEODsaSk7G/U=	\N	f			f	t	2025-05-13 20:17:59.126207+07	96cbac35-5c75-4a18-ae58-d52e6ecd52b6	Ahmad I	121456	121456	da9b8425-7f63-4ecc-be98-6ae69f0a4e13
pbkdf2_sha256$1000000$8BSEbq8EBDBCDnbMmFi25O$nQpnUyFN6R5un3AKUlM1OVkv+J/BJ0AdT+54wm5xbno=	\N	f			f	t	2025-05-13 20:18:01.701652+07	aa95baa0-e77a-43c0-aec8-5076ce3ed38e	Ani	123459	123459	da9b8425-7f63-4ecc-be98-6ae69f0a4e13
pbkdf2_sha256$1000000$1IchKUpdmCo28CqYKmIBYo$CBY0eAQ/LN23In6VH/4UlVZs9N+P28iH9oO+XNynDio=	\N	f			f	t	2025-05-13 20:18:12.283158+07	1c85ca8e-92fe-4f11-b6c5-64244e396430	Joko	123470	123470	da9b8425-7f63-4ecc-be98-6ae69f0a4e13
pbkdf2_sha256$1000000$7nisxylPcByt5UMDrVEmzO$aUwoKp4epQonzLQ/1hxOJXRsSJRT1qdKjCebjH4mEWo=	\N	f			f	t	2025-05-13 20:18:21.038122+07	fe2105b0-7f2b-45c5-9eff-8f3c9a9574d7	Joko	123480	123480	da9b8425-7f63-4ecc-be98-6ae69f0a4e13
pbkdf2_sha256$1000000$49CYeNsxOBQ06SF7lCBYqT$YS1phzknimcJyoTdxb/kYCfQ4XFo4DP3UM5TojJPtC8=	\N	f			f	t	2025-05-13 20:18:28.840742+07	dc8d9b12-21f9-40b9-bc55-ef3445b22b72	Ani	123489	123489	da9b8425-7f63-4ecc-be98-6ae69f0a4e13
pbkdf2_sha256$1000000$ZWMlxaBaEAdkenpm8YIt1r$aBkhLBdWzDYiYWvgi9341S/NnKk0Ijw8eFsPZ/al6FE=	\N	f			f	t	2025-05-13 20:18:37.454239+07	86d7674e-8443-4efa-b964-3eeceb135b37	Ani	123499	123499	da9b8425-7f63-4ecc-be98-6ae69f0a4e13
pbkdf2_sha256$1000000$GmFDH7BnENSksYHNjCzeLe$MvcSFpmcAYOPp7UNC/8nGL0UlW7jJoGWC93oAk3Vz3c=	\N	f			f	t	2025-05-13 20:18:00.015053+07	1184dd07-ddd7-431f-b828-6107a6ab70a6	Siti A	121457	121457	da9b8425-7f63-4ecc-be98-6ae69f0a4e13
pbkdf2_sha256$1000000$8E655R4JoRSKXpnPB6fBlF$llcNoWQ/ybIFwWu9DIhtn/iw3NM8KwtVbekCDBQH7J4=	\N	f			f	t	2025-05-13 20:18:00.889882+07	e01b2938-d17e-4888-a4bc-44de8d127ffb	Budi	123458	123458	da9b8425-7f63-4ecc-be98-6ae69f0a4e13
pbkdf2_sha256$1000000$kot81yADv6xipvWjIk6ffj$+l/nmdXCsIwIfEZviA4tQjcabpxDN8copvYr0WUuSyQ=	\N	f			f	t	2025-05-13 20:18:02.573021+07	be2e2954-0817-44ce-ad5c-7ab3710dbb73	Joko	123460	123460	da9b8425-7f63-4ecc-be98-6ae69f0a4e13
pbkdf2_sha256$1000000$A8zQ003eOUPsroyjbztBBz$G0rcOClvPGgKn0oRL9YZ8t7VkJjc/v5mRY03rBIBUrs=	\N	f			f	t	2025-05-13 20:18:03.393885+07	7c7b68c3-0c34-4e88-b3b6-89146a79f5cd	Lina	123461	123461	da9b8425-7f63-4ecc-be98-6ae69f0a4e13
pbkdf2_sha256$1000000$3zJTSsLBJzkw3lsw0kKSyf$un98M3c3na+d7gF1tLthgDWJZTpNU3MzFifVxPzt0rI=	\N	f			f	t	2025-05-13 20:18:04.236277+07	87c19275-5c34-4056-9964-7dc4542dc8cd	Rudi	123462	123462	da9b8425-7f63-4ecc-be98-6ae69f0a4e13
pbkdf2_sha256$1000000$waSoraLX6KddcLK5ujJr4U$74oB9OFXnIdelemD/YNAhPZDTlcJDZgVR6O+ogq1uYw=	\N	f			f	t	2025-05-13 20:18:05.229054+07	3d409223-b789-4644-9536-4ab67ad5e71d	Dewi	123463	123463	da9b8425-7f63-4ecc-be98-6ae69f0a4e13
pbkdf2_sha256$1000000$hGTPTVRdaRvlknEDKzTgDn$a87bZl5enge720kO21bS+wjidnhQk8HP9+RnWD+ezYE=	\N	f			f	t	2025-05-13 20:18:06.402844+07	e3ad7f6b-5c8b-4c54-b854-8a251752e174	Tono	123464	123464	da9b8425-7f63-4ecc-be98-6ae69f0a4e13
pbkdf2_sha256$1000000$oHgj6uqGOiUtu5Pf5C4vRI$d1c6dAZ8xL/f/EUivk5m39k/86cUlH8zDqN7qp/6enQ=	\N	f			f	t	2025-05-13 20:18:07.253555+07	b501670e-9831-4834-9a5e-dd07dbaa5874	Rina	123465	123465	da9b8425-7f63-4ecc-be98-6ae69f0a4e13
pbkdf2_sha256$1000000$tIaCqtgEqRwW9GpBIv2wVB$+T+D6vee7RqCoIE63ZUCIBk56KNZGN0ODzVQavlJ4jo=	\N	f			f	t	2025-05-13 20:18:08.485969+07	78a81cb6-b8cb-45b5-9a59-2fa27148e2b6	Ahmad	123466	123466	da9b8425-7f63-4ecc-be98-6ae69f0a4e13
pbkdf2_sha256$1000000$cgG5MvSp4vL22xV65I1IWw$vkQ3nRskWI4BCM+qZmQrRVDaeftyZnR5D3c0aVa2g58=	\N	f			f	t	2025-05-13 20:18:09.526079+07	4e6f318f-e0af-4709-b13e-40be0625b531	Siti	123467	123467	da9b8425-7f63-4ecc-be98-6ae69f0a4e13
pbkdf2_sha256$1000000$NIs2E4Y7LwzKILTXz5O1gp$Nqm+gkWagWNY57Xdj8R5lCdLZVLPEdiyiJCA9yenRr8=	\N	f			f	t	2025-05-13 20:18:10.469458+07	98b7de5a-86bd-44d6-98ac-4c769799a543	Budi	123468	123468	da9b8425-7f63-4ecc-be98-6ae69f0a4e13
pbkdf2_sha256$1000000$KJVxDIfZxdutqrjERvOsJm$p0CC0mIpDuyf2bqzlIh4Jn/W13/pnQWVj63DVhawAPY=	\N	f			f	t	2025-05-13 20:18:11.387092+07	d0fddb23-6b46-472c-9d09-9358e8ad180f	Ani	123469	123469	da9b8425-7f63-4ecc-be98-6ae69f0a4e13
pbkdf2_sha256$1000000$TlRAktydlfN9lfNVjK5EML$Ljk9kKNOhXcZivdV9Byd2ppGiP6BjOe5vDMt4xnrp50=	\N	f			f	t	2025-05-13 20:18:13.12468+07	6d0e267a-23e4-4b67-9334-951613c0a021	Lina	123471	123471	da9b8425-7f63-4ecc-be98-6ae69f0a4e13
pbkdf2_sha256$1000000$iABwgtIlThTW349GcnOnr1$Rv+Cc8OyHWlTg1ojqlxfWEPdXwWdFRPucmOwbXTuo6s=	\N	f			f	t	2025-05-13 20:18:13.982854+07	b99a1561-9077-4a91-b08d-218c3805d883	Rudi	123472	123472	da9b8425-7f63-4ecc-be98-6ae69f0a4e13
pbkdf2_sha256$1000000$ngIbfmB2UdqMqBPyOKO4pt$wfcf4CP5WBrTsdl2MxUNWmwduGydpsKFB5cvEUOvTZU=	\N	f			f	t	2025-05-13 20:18:14.799307+07	206eebff-fd1d-402f-a1f1-89b4b03193cb	Dewi	123473	123473	da9b8425-7f63-4ecc-be98-6ae69f0a4e13
pbkdf2_sha256$1000000$egfLa5kXTJPTjJ3O8qHvLI$wzEqDvgsjdjozS0aoLjnQP/NCmyw3O8gu7bGQn3nYEQ=	\N	f			f	t	2025-05-13 20:18:15.641121+07	18fd57b1-8b80-4e63-8774-dc9fe432bf28	Tono	123474	123474	da9b8425-7f63-4ecc-be98-6ae69f0a4e13
pbkdf2_sha256$1000000$ldIeJG0Dfk6RUOu2kdK5IC$7pIJ+w6yC7U0eDqxJCdkColq2L2rA/tRrL5iOBeksfc=	\N	f			f	t	2025-05-13 20:18:16.460748+07	6a956124-04e4-472e-99b4-de1f03d8791c	Rina	123475	123475	da9b8425-7f63-4ecc-be98-6ae69f0a4e13
pbkdf2_sha256$1000000$TCJeW1gnzjOAoCwblxEwpQ$bqjsGv3ximPnUtTI4S9Zsbi7suasfTMmjkDTvE+xqW4=	\N	f			f	t	2025-05-13 20:18:17.340146+07	b87fe85f-4592-4706-8cb2-95d4a0f1ce6f	Ahmad	123476	123476	da9b8425-7f63-4ecc-be98-6ae69f0a4e13
pbkdf2_sha256$1000000$lTRiU7Yue56mamIonzGN5R$v745iQxjIrb+0w5VyF3pvtrCyUpqTYQqR6f7MBJpqQw=	\N	f			f	t	2025-05-13 20:18:18.159958+07	4c2c9021-6bdf-407b-8fc0-4a9086f7b6f3	Siti	123477	123477	da9b8425-7f63-4ecc-be98-6ae69f0a4e13
pbkdf2_sha256$1000000$Zp3LVJQp0q38I28Tia7wCx$teL6LLBnLOG3rhdg85gcmPgMTUtRTfxzJNEmvetxJlU=	\N	f			f	t	2025-05-13 20:18:19.056143+07	dc37359c-2763-4e19-a33a-d36e6ab0f8b4	Budi	123478	123478	da9b8425-7f63-4ecc-be98-6ae69f0a4e13
pbkdf2_sha256$1000000$phbr7BehbLrgkZ5YmWljuy$kCA6fEh3Dbcr8UBq2Bu+fonaerCeII+R9wM7t4YBnGs=	\N	f			f	t	2025-05-13 20:18:20.135004+07	ab7ea1d5-4072-40ce-a454-fccf6e07d66a	Ani	123479	123479	da9b8425-7f63-4ecc-be98-6ae69f0a4e13
pbkdf2_sha256$1000000$UczrSZMJEycXhIbEaFEl5F$v9gUswexDqWV585V5TNlGtGziP3c09TAhfmr255fLO4=	\N	f			f	t	2025-05-13 20:18:21.964666+07	a0a02518-7f15-4bc2-965d-f701a02aac42	Lina	123481	123481	da9b8425-7f63-4ecc-be98-6ae69f0a4e13
pbkdf2_sha256$1000000$ekwWTeTbhTqxJnslG6HAb3$0hPrd+Dgtac8ckthd0erAgu5oznCGBiyNxQEDgECNSc=	\N	f			f	t	2025-05-13 20:18:22.84576+07	a006915d-99af-4c2e-8f44-3171f8d0278f	Rudi	123482	123482	da9b8425-7f63-4ecc-be98-6ae69f0a4e13
pbkdf2_sha256$1000000$RFUCSfqu3LxO2ppHimx5kf$PWiDQzCda7dVKFcc49Jhbl3bCc8Tg50L1ppLZJ6ht9o=	\N	f			f	t	2025-05-13 20:18:23.68652+07	de0c5285-e11e-4105-ae75-f923bdce817e	Dewi	123483	123483	da9b8425-7f63-4ecc-be98-6ae69f0a4e13
pbkdf2_sha256$1000000$kO3tSHzVwdO5Mp5iibh3h2$+l3GJ+RYMjWMtVSusLfYJU8DwmZN+EiogqsW1D4z+Fg=	\N	f			f	t	2025-05-13 20:18:24.525491+07	c9baea7b-72c8-4e1a-b6ff-20ab3f78264f	Tono	123484	123484	da9b8425-7f63-4ecc-be98-6ae69f0a4e13
pbkdf2_sha256$1000000$iPB3kpvzcIICzj68Wsb10l$BX4wTOlOY3NNoswXC3XzIHoTnUA6SnmHmMMAItM8ONU=	\N	f			f	t	2025-05-13 20:18:25.368568+07	951573a1-bda9-4852-b4c5-5efec9e83773	Rina	123485	123485	da9b8425-7f63-4ecc-be98-6ae69f0a4e13
pbkdf2_sha256$1000000$SKg72q6OC0PWC1pI0HUErI$SZV1E1GJoYgwXBoE4j8xegcJmk5KZLotrvyttZV7oeI=	\N	f			f	t	2025-05-13 20:18:26.23482+07	1582034f-40f1-4b3c-927b-cdc2c143edb5	Ahmad	123486	123486	da9b8425-7f63-4ecc-be98-6ae69f0a4e13
pbkdf2_sha256$1000000$6Zz27KtIjMY4ZOnAclxv6r$ZH4E4AAyJrN4m/lgyH3orT1ZOgRIiWh4Hm7a+L1VRVs=	\N	f			f	t	2025-05-13 20:18:27.081752+07	1b7f2840-41ad-41a7-b7f3-f349fe35441e	Siti	123487	123487	da9b8425-7f63-4ecc-be98-6ae69f0a4e13
pbkdf2_sha256$1000000$ncv5LDNkkiK3Fig86dCGXS$npnxsTgaHs/vrs86Y/UiAcajxmwDjnuE8O/d8RJv4ZY=	\N	f			f	t	2025-05-13 20:18:27.980075+07	302de61a-d901-4e0f-9989-4c6f23f3c6a1	Budi	123488	123488	da9b8425-7f63-4ecc-be98-6ae69f0a4e13
pbkdf2_sha256$1000000$vwo53M3vcteXoIPj6bA9H0$skxWF2HcxMwOfDq0eqCpEn25L90l93roiN2Qt5EA0wg=	\N	f			f	t	2025-05-13 20:18:29.731141+07	62f14d04-895f-419d-9240-b8e52f5f2527	Joko	123490	123490	da9b8425-7f63-4ecc-be98-6ae69f0a4e13
pbkdf2_sha256$1000000$Mhah103XwgAe14LASwEQje$GbFBsAOXjXb6D64kLeqdFTwBF0tblZ1L0Ds+rnbqCqQ=	\N	f			f	t	2025-05-13 20:18:30.571026+07	b18d3643-f7e2-4dab-89c4-52dbfbbdd602	Lina	123491	123491	da9b8425-7f63-4ecc-be98-6ae69f0a4e13
pbkdf2_sha256$1000000$FpauitEaIbqDVQ4eTy29nv$HfWB4WMtYqqFkTZAerl9EQbZmh11wXO6Z+6VCF/A7sU=	\N	f			f	t	2025-05-13 20:18:31.418343+07	9cb1b594-712d-450b-8851-0f27d5a40392	Rudi	123492	123492	da9b8425-7f63-4ecc-be98-6ae69f0a4e13
pbkdf2_sha256$1000000$4tcy3DebFSJ5Lp1vHvaSkT$PzccUGCYPNbSyPvwQHMl+vFaBp9UGx3DsEwzqwOc+DU=	\N	f			f	t	2025-05-13 20:18:32.240181+07	04341a05-e619-4840-bdcb-91acc57059ad	Dewi	123493	123493	da9b8425-7f63-4ecc-be98-6ae69f0a4e13
pbkdf2_sha256$1000000$Ww1VNmFjsHdIFjVMkBLvAu$o34D7aeTo9Fls+Tc4ANHAfAfcgl8up9tvvzYHeXpPVE=	\N	f			f	t	2025-05-13 20:18:33.261527+07	00bff43a-d7f7-462a-85eb-163d9a534ebc	Tono	123494	123494	da9b8425-7f63-4ecc-be98-6ae69f0a4e13
pbkdf2_sha256$1000000$LX80krpQFKtN3GBaLO355w$bl6zEXaeuMOCbZSLhUynh3fklCEVLmfetnpp+PCqaWs=	\N	f			f	t	2025-05-13 20:18:34.146987+07	98d03439-4d1b-4fe5-8937-a10cd608d84e	Rina	123495	123495	da9b8425-7f63-4ecc-be98-6ae69f0a4e13
pbkdf2_sha256$1000000$1CX0dpbKNE7qvm7u6ehTcu$MsehXCN1Bl+ccXggAf6WSLkY/emOUOn7owywjHLAS9M=	\N	f			f	t	2025-05-13 20:18:34.957836+07	da88645a-41a3-465a-ae64-fc0db21a38f7	Ahmad	123496	123496	da9b8425-7f63-4ecc-be98-6ae69f0a4e13
pbkdf2_sha256$1000000$V3Y4plOFHLxGiazNTPYWwu$3cvSt2mrm1ZdxKPYqfHEHP+wPD69TyhV7EU7vuqnwYs=	\N	f			f	t	2025-05-13 20:18:35.782409+07	ea189255-c2e6-48b1-a791-1fd47dbab575	Siti	123497	123497	da9b8425-7f63-4ecc-be98-6ae69f0a4e13
pbkdf2_sha256$1000000$vsZnO1vH14xakwco0JRTbK$rKpqDS/hRHikYEOmUgGHgcAqHOvRcfqb5+BI7X9T0QQ=	\N	f			f	t	2025-05-13 20:18:36.605607+07	688a34f9-41e7-424e-b691-62d82c2ec012	Budi	123498	123498	da9b8425-7f63-4ecc-be98-6ae69f0a4e13
pbkdf2_sha256$1000000$YR80ydtJNZfkxfIjshiOJN$ogXlA1lv39OkiYXTvhXpVYxkzSjO01719/SsBOnGfD4=	\N	f			f	t	2025-05-13 20:18:38.378137+07	95dcac40-d09b-465c-8666-f5ac623b81bb	Joko	123500	123500	da9b8425-7f63-4ecc-be98-6ae69f0a4e13
pbkdf2_sha256$1000000$LTG9k5L2O8TTaZaOZlPN6A$fv30cGYjk68na5lFz/3z/UYJOLJOprD3yjuVGTNh1Ew=	\N	f			f	t	2025-05-13 20:18:39.352611+07	634f97b5-98b0-40c0-8e38-ddd477d1b966	Lina	123501	123501	da9b8425-7f63-4ecc-be98-6ae69f0a4e13
pbkdf2_sha256$1000000$gNfvTroOCDm6XICGb1l1VD$VDeglYlJw8PB3M/8YObrY0Q2MnY3W+TRCTbnMWtMfog=	\N	f			f	t	2025-05-13 20:18:43.732869+07	9a208971-bb15-41c6-b122-48eb1891143e	Rina	123505	123505	da9b8425-7f63-4ecc-be98-6ae69f0a4e13
pbkdf2_sha256$1000000$8StAOPqP3vqKeq1n25zWdU$VBo0K+7YmxXuc+vwjKyfCSC+uslNPleqnHvXpuyk1hU=	\N	f			f	t	2025-05-13 20:18:42.373121+07	933f9477-eeb0-4d01-ac0d-e6fc18be933e	Tono Sutono	\N	123504	da9b8425-7f63-4ecc-be98-6ae69f0a4e13
pbkdf2_sha256$1000000$0XyzGk7KexBoBm754BHOMB$MC0dIH5bADfCI0voY+vT8hj1el28F4+VPRKFOxUE+vM=	\N	f			f	t	2025-05-13 20:18:41.320276+07	a7021d30-5729-43ba-befd-ef26cd86c95e	Dewi Sudewi	\N	123503	da9b8425-7f63-4ecc-be98-6ae69f0a4e13
pbkdf2_sha256$1000000$o0ijWtNWKJUT9h8iP5KPE1$tYGDS4uWrOcQluEAMOdH7Xnyox1YqQ6xpRzivsYrH48=	\N	f			f	t	2025-05-13 20:18:40.350121+07	e7b492b4-97a1-4f72-98b2-5d18bde207b3	Rudi Sudini	\N	123502	da9b8425-7f63-4ecc-be98-6ae69f0a4e13
\.


--
-- Data for Name: users_groups; Type: TABLE DATA; Schema: public; Owner: postgres
--

COPY public.users_groups (id, user_id, group_id) FROM stdin;
1	335baf18-2f24-4af1-8f86-78593332e865	1
2	a6585806-5c44-4b36-96da-5a51b89e349c	3
105	96cbac35-5c75-4a18-ae58-d52e6ecd52b6	2
106	1184dd07-ddd7-431f-b828-6107a6ab70a6	2
107	e01b2938-d17e-4888-a4bc-44de8d127ffb	2
108	aa95baa0-e77a-43c0-aec8-5076ce3ed38e	2
109	be2e2954-0817-44ce-ad5c-7ab3710dbb73	2
110	7c7b68c3-0c34-4e88-b3b6-89146a79f5cd	2
111	87c19275-5c34-4056-9964-7dc4542dc8cd	2
112	3d409223-b789-4644-9536-4ab67ad5e71d	2
113	e3ad7f6b-5c8b-4c54-b854-8a251752e174	2
114	b501670e-9831-4834-9a5e-dd07dbaa5874	2
115	78a81cb6-b8cb-45b5-9a59-2fa27148e2b6	2
116	4e6f318f-e0af-4709-b13e-40be0625b531	2
117	98b7de5a-86bd-44d6-98ac-4c769799a543	2
118	d0fddb23-6b46-472c-9d09-9358e8ad180f	2
119	1c85ca8e-92fe-4f11-b6c5-64244e396430	2
120	6d0e267a-23e4-4b67-9334-951613c0a021	2
121	b99a1561-9077-4a91-b08d-218c3805d883	2
122	206eebff-fd1d-402f-a1f1-89b4b03193cb	2
123	18fd57b1-8b80-4e63-8774-dc9fe432bf28	2
124	6a956124-04e4-472e-99b4-de1f03d8791c	2
125	b87fe85f-4592-4706-8cb2-95d4a0f1ce6f	2
126	4c2c9021-6bdf-407b-8fc0-4a9086f7b6f3	2
127	dc37359c-2763-4e19-a33a-d36e6ab0f8b4	2
128	ab7ea1d5-4072-40ce-a454-fccf6e07d66a	2
129	fe2105b0-7f2b-45c5-9eff-8f3c9a9574d7	2
130	a0a02518-7f15-4bc2-965d-f701a02aac42	2
131	a006915d-99af-4c2e-8f44-3171f8d0278f	2
132	de0c5285-e11e-4105-ae75-f923bdce817e	2
133	c9baea7b-72c8-4e1a-b6ff-20ab3f78264f	2
134	951573a1-bda9-4852-b4c5-5efec9e83773	2
135	1582034f-40f1-4b3c-927b-cdc2c143edb5	2
136	1b7f2840-41ad-41a7-b7f3-f349fe35441e	2
137	302de61a-d901-4e0f-9989-4c6f23f3c6a1	2
138	dc8d9b12-21f9-40b9-bc55-ef3445b22b72	2
139	62f14d04-895f-419d-9240-b8e52f5f2527	2
140	b18d3643-f7e2-4dab-89c4-52dbfbbdd602	2
141	9cb1b594-712d-450b-8851-0f27d5a40392	2
142	04341a05-e619-4840-bdcb-91acc57059ad	2
143	00bff43a-d7f7-462a-85eb-163d9a534ebc	2
144	98d03439-4d1b-4fe5-8937-a10cd608d84e	2
145	da88645a-41a3-465a-ae64-fc0db21a38f7	2
146	ea189255-c2e6-48b1-a791-1fd47dbab575	2
147	688a34f9-41e7-424e-b691-62d82c2ec012	2
148	86d7674e-8443-4efa-b964-3eeceb135b37	2
149	95dcac40-d09b-465c-8666-f5ac623b81bb	2
150	634f97b5-98b0-40c0-8e38-ddd477d1b966	2
151	e7b492b4-97a1-4f72-98b2-5d18bde207b3	2
152	a7021d30-5729-43ba-befd-ef26cd86c95e	2
153	933f9477-eeb0-4d01-ac0d-e6fc18be933e	2
154	9a208971-bb15-41c6-b122-48eb1891143e	2
\.


--
-- Data for Name: users_user_permissions; Type: TABLE DATA; Schema: public; Owner: postgres
--

COPY public.users_user_permissions (id, user_id, permission_id) FROM stdin;
1	335baf18-2f24-4af1-8f86-78593332e865	24
2	335baf18-2f24-4af1-8f86-78593332e865	21
3	335baf18-2f24-4af1-8f86-78593332e865	22
4	335baf18-2f24-4af1-8f86-78593332e865	23
\.


--
-- Name: account_emailaddress_id_seq; Type: SEQUENCE SET; Schema: public; Owner: postgres
--

SELECT pg_catalog.setval('public.account_emailaddress_id_seq', 1, false);


--
-- Name: account_emailconfirmation_id_seq; Type: SEQUENCE SET; Schema: public; Owner: postgres
--

SELECT pg_catalog.setval('public.account_emailconfirmation_id_seq', 1, false);


--
-- Name: auth_group_id_seq; Type: SEQUENCE SET; Schema: public; Owner: postgres
--

SELECT pg_catalog.setval('public.auth_group_id_seq', 4, true);


--
-- Name: auth_group_permissions_id_seq; Type: SEQUENCE SET; Schema: public; Owner: postgres
--

SELECT pg_catalog.setval('public.auth_group_permissions_id_seq', 48, true);


--
-- Name: auth_permission_id_seq; Type: SEQUENCE SET; Schema: public; Owner: postgres
--

SELECT pg_catalog.setval('public.auth_permission_id_seq', 60, true);


--
-- Name: django_admin_log_id_seq; Type: SEQUENCE SET; Schema: public; Owner: postgres
--

SELECT pg_catalog.setval('public.django_admin_log_id_seq', 9, true);


--
-- Name: django_content_type_id_seq; Type: SEQUENCE SET; Schema: public; Owner: postgres
--

SELECT pg_catalog.setval('public.django_content_type_id_seq', 15, true);


--
-- Name: django_migrations_id_seq; Type: SEQUENCE SET; Schema: public; Owner: postgres
--

SELECT pg_catalog.setval('public.django_migrations_id_seq', 56, true);


--
-- Name: django_site_id_seq; Type: SEQUENCE SET; Schema: public; Owner: postgres
--

SELECT pg_catalog.setval('public.django_site_id_seq', 1, true);


--
-- Name: socialaccount_socialaccount_id_seq; Type: SEQUENCE SET; Schema: public; Owner: postgres
--

SELECT pg_catalog.setval('public.socialaccount_socialaccount_id_seq', 1, false);


--
-- Name: socialaccount_socialapp_id_seq; Type: SEQUENCE SET; Schema: public; Owner: postgres
--

SELECT pg_catalog.setval('public.socialaccount_socialapp_id_seq', 1, false);


--
-- Name: socialaccount_socialapp_sites_id_seq; Type: SEQUENCE SET; Schema: public; Owner: postgres
--

SELECT pg_catalog.setval('public.socialaccount_socialapp_sites_id_seq', 1, false);


--
-- Name: socialaccount_socialtoken_id_seq; Type: SEQUENCE SET; Schema: public; Owner: postgres
--

SELECT pg_catalog.setval('public.socialaccount_socialtoken_id_seq', 1, false);


--
-- Name: users_groups_id_seq; Type: SEQUENCE SET; Schema: public; Owner: postgres
--

SELECT pg_catalog.setval('public.users_groups_id_seq', 154, true);


--
-- Name: users_user_permissions_id_seq; Type: SEQUENCE SET; Schema: public; Owner: postgres
--

SELECT pg_catalog.setval('public.users_user_permissions_id_seq', 4, true);


--
-- Name: account_emailaddress account_emailaddress_pkey; Type: CONSTRAINT; Schema: public; Owner: postgres
--

ALTER TABLE ONLY public.account_emailaddress
    ADD CONSTRAINT account_emailaddress_pkey PRIMARY KEY (id);


--
-- Name: account_emailaddress account_emailaddress_user_id_email_987c8728_uniq; Type: CONSTRAINT; Schema: public; Owner: postgres
--

ALTER TABLE ONLY public.account_emailaddress
    ADD CONSTRAINT account_emailaddress_user_id_email_987c8728_uniq UNIQUE (user_id, email);


--
-- Name: account_emailconfirmation account_emailconfirmation_key_key; Type: CONSTRAINT; Schema: public; Owner: postgres
--

ALTER TABLE ONLY public.account_emailconfirmation
    ADD CONSTRAINT account_emailconfirmation_key_key UNIQUE (key);


--
-- Name: account_emailconfirmation account_emailconfirmation_pkey; Type: CONSTRAINT; Schema: public; Owner: postgres
--

ALTER TABLE ONLY public.account_emailconfirmation
    ADD CONSTRAINT account_emailconfirmation_pkey PRIMARY KEY (id);


--
-- Name: auth_group auth_group_name_key; Type: CONSTRAINT; Schema: public; Owner: postgres
--

ALTER TABLE ONLY public.auth_group
    ADD CONSTRAINT auth_group_name_key UNIQUE (name);


--
-- Name: auth_group_permissions auth_group_permissions_group_id_permission_id_0cd325b0_uniq; Type: CONSTRAINT; Schema: public; Owner: postgres
--

ALTER TABLE ONLY public.auth_group_permissions
    ADD CONSTRAINT auth_group_permissions_group_id_permission_id_0cd325b0_uniq UNIQUE (group_id, permission_id);


--
-- Name: auth_group_permissions auth_group_permissions_pkey; Type: CONSTRAINT; Schema: public; Owner: postgres
--

ALTER TABLE ONLY public.auth_group_permissions
    ADD CONSTRAINT auth_group_permissions_pkey PRIMARY KEY (id);


--
-- Name: auth_group auth_group_pkey; Type: CONSTRAINT; Schema: public; Owner: postgres
--

ALTER TABLE ONLY public.auth_group
    ADD CONSTRAINT auth_group_pkey PRIMARY KEY (id);


--
-- Name: auth_permission auth_permission_content_type_id_codename_01ab375a_uniq; Type: CONSTRAINT; Schema: public; Owner: postgres
--

ALTER TABLE ONLY public.auth_permission
    ADD CONSTRAINT auth_permission_content_type_id_codename_01ab375a_uniq UNIQUE (content_type_id, codename);


--
-- Name: auth_permission auth_permission_pkey; Type: CONSTRAINT; Schema: public; Owner: postgres
--

ALTER TABLE ONLY public.auth_permission
    ADD CONSTRAINT auth_permission_pkey PRIMARY KEY (id);


--
-- Name: django_admin_log django_admin_log_pkey; Type: CONSTRAINT; Schema: public; Owner: postgres
--

ALTER TABLE ONLY public.django_admin_log
    ADD CONSTRAINT django_admin_log_pkey PRIMARY KEY (id);


--
-- Name: django_content_type django_content_type_app_label_model_76bd3d3b_uniq; Type: CONSTRAINT; Schema: public; Owner: postgres
--

ALTER TABLE ONLY public.django_content_type
    ADD CONSTRAINT django_content_type_app_label_model_76bd3d3b_uniq UNIQUE (app_label, model);


--
-- Name: django_content_type django_content_type_pkey; Type: CONSTRAINT; Schema: public; Owner: postgres
--

ALTER TABLE ONLY public.django_content_type
    ADD CONSTRAINT django_content_type_pkey PRIMARY KEY (id);


--
-- Name: django_migrations django_migrations_pkey; Type: CONSTRAINT; Schema: public; Owner: postgres
--

ALTER TABLE ONLY public.django_migrations
    ADD CONSTRAINT django_migrations_pkey PRIMARY KEY (id);


--
-- Name: django_session django_session_pkey; Type: CONSTRAINT; Schema: public; Owner: postgres
--

ALTER TABLE ONLY public.django_session
    ADD CONSTRAINT django_session_pkey PRIMARY KEY (session_key);


--
-- Name: django_site django_site_domain_a2e37b91_uniq; Type: CONSTRAINT; Schema: public; Owner: postgres
--

ALTER TABLE ONLY public.django_site
    ADD CONSTRAINT django_site_domain_a2e37b91_uniq UNIQUE (domain);


--
-- Name: django_site django_site_pkey; Type: CONSTRAINT; Schema: public; Owner: postgres
--

ALTER TABLE ONLY public.django_site
    ADD CONSTRAINT django_site_pkey PRIMARY KEY (id);


--
-- Name: mapel mapel_kode_key; Type: CONSTRAINT; Schema: public; Owner: postgres
--

ALTER TABLE ONLY public.mapel
    ADD CONSTRAINT mapel_kode_key UNIQUE (kode);


--
-- Name: mapel mapel_pkey; Type: CONSTRAINT; Schema: public; Owner: postgres
--

ALTER TABLE ONLY public.mapel
    ADD CONSTRAINT mapel_pkey PRIMARY KEY (id);


--
-- Name: materi materi_pkey; Type: CONSTRAINT; Schema: public; Owner: postgres
--

ALTER TABLE ONLY public.materi
    ADD CONSTRAINT materi_pkey PRIMARY KEY (id);


--
-- Name: organizations organizations_email_key; Type: CONSTRAINT; Schema: public; Owner: postgres
--

ALTER TABLE ONLY public.organizations
    ADD CONSTRAINT organizations_email_key UNIQUE (email);


--
-- Name: organizations organizations_pkey; Type: CONSTRAINT; Schema: public; Owner: postgres
--

ALTER TABLE ONLY public.organizations
    ADD CONSTRAINT organizations_pkey PRIMARY KEY (id);


--
-- Name: socialaccount_socialaccount socialaccount_socialaccount_pkey; Type: CONSTRAINT; Schema: public; Owner: postgres
--

ALTER TABLE ONLY public.socialaccount_socialaccount
    ADD CONSTRAINT socialaccount_socialaccount_pkey PRIMARY KEY (id);


--
-- Name: socialaccount_socialaccount socialaccount_socialaccount_provider_uid_fc810c6e_uniq; Type: CONSTRAINT; Schema: public; Owner: postgres
--

ALTER TABLE ONLY public.socialaccount_socialaccount
    ADD CONSTRAINT socialaccount_socialaccount_provider_uid_fc810c6e_uniq UNIQUE (provider, uid);


--
-- Name: socialaccount_socialapp_sites socialaccount_socialapp__socialapp_id_site_id_71a9a768_uniq; Type: CONSTRAINT; Schema: public; Owner: postgres
--

ALTER TABLE ONLY public.socialaccount_socialapp_sites
    ADD CONSTRAINT socialaccount_socialapp__socialapp_id_site_id_71a9a768_uniq UNIQUE (socialapp_id, site_id);


--
-- Name: socialaccount_socialapp socialaccount_socialapp_pkey; Type: CONSTRAINT; Schema: public; Owner: postgres
--

ALTER TABLE ONLY public.socialaccount_socialapp
    ADD CONSTRAINT socialaccount_socialapp_pkey PRIMARY KEY (id);


--
-- Name: socialaccount_socialapp_sites socialaccount_socialapp_sites_pkey; Type: CONSTRAINT; Schema: public; Owner: postgres
--

ALTER TABLE ONLY public.socialaccount_socialapp_sites
    ADD CONSTRAINT socialaccount_socialapp_sites_pkey PRIMARY KEY (id);


--
-- Name: socialaccount_socialtoken socialaccount_socialtoken_app_id_account_id_fca4e0ac_uniq; Type: CONSTRAINT; Schema: public; Owner: postgres
--

ALTER TABLE ONLY public.socialaccount_socialtoken
    ADD CONSTRAINT socialaccount_socialtoken_app_id_account_id_fca4e0ac_uniq UNIQUE (app_id, account_id);


--
-- Name: socialaccount_socialtoken socialaccount_socialtoken_pkey; Type: CONSTRAINT; Schema: public; Owner: postgres
--

ALTER TABLE ONLY public.socialaccount_socialtoken
    ADD CONSTRAINT socialaccount_socialtoken_pkey PRIMARY KEY (id);


--
-- Name: users users_email_key; Type: CONSTRAINT; Schema: public; Owner: postgres
--

ALTER TABLE ONLY public.users
    ADD CONSTRAINT users_email_key UNIQUE (email);


--
-- Name: users_groups users_groups_pkey; Type: CONSTRAINT; Schema: public; Owner: postgres
--

ALTER TABLE ONLY public.users_groups
    ADD CONSTRAINT users_groups_pkey PRIMARY KEY (id);


--
-- Name: users_groups users_groups_user_id_group_id_fc7788e8_uniq; Type: CONSTRAINT; Schema: public; Owner: postgres
--

ALTER TABLE ONLY public.users_groups
    ADD CONSTRAINT users_groups_user_id_group_id_fc7788e8_uniq UNIQUE (user_id, group_id);


--
-- Name: users users_pkey; Type: CONSTRAINT; Schema: public; Owner: postgres
--

ALTER TABLE ONLY public.users
    ADD CONSTRAINT users_pkey PRIMARY KEY (id);


--
-- Name: users_user_permissions users_user_permissions_pkey; Type: CONSTRAINT; Schema: public; Owner: postgres
--

ALTER TABLE ONLY public.users_user_permissions
    ADD CONSTRAINT users_user_permissions_pkey PRIMARY KEY (id);


--
-- Name: users_user_permissions users_user_permissions_user_id_permission_id_3b86cbdf_uniq; Type: CONSTRAINT; Schema: public; Owner: postgres
--

ALTER TABLE ONLY public.users_user_permissions
    ADD CONSTRAINT users_user_permissions_user_id_permission_id_3b86cbdf_uniq UNIQUE (user_id, permission_id);


--
-- Name: users users_username_key; Type: CONSTRAINT; Schema: public; Owner: postgres
--

ALTER TABLE ONLY public.users
    ADD CONSTRAINT users_username_key UNIQUE (username);


--
-- Name: account_emailaddress_email_03be32b2; Type: INDEX; Schema: public; Owner: postgres
--

CREATE INDEX account_emailaddress_email_03be32b2 ON public.account_emailaddress USING btree (email);


--
-- Name: account_emailaddress_email_03be32b2_like; Type: INDEX; Schema: public; Owner: postgres
--

CREATE INDEX account_emailaddress_email_03be32b2_like ON public.account_emailaddress USING btree (email varchar_pattern_ops);


--
-- Name: account_emailaddress_user_id_2c513194; Type: INDEX; Schema: public; Owner: postgres
--

CREATE INDEX account_emailaddress_user_id_2c513194 ON public.account_emailaddress USING btree (user_id);


--
-- Name: account_emailconfirmation_email_address_id_5b7f8c58; Type: INDEX; Schema: public; Owner: postgres
--

CREATE INDEX account_emailconfirmation_email_address_id_5b7f8c58 ON public.account_emailconfirmation USING btree (email_address_id);


--
-- Name: account_emailconfirmation_key_f43612bd_like; Type: INDEX; Schema: public; Owner: postgres
--

CREATE INDEX account_emailconfirmation_key_f43612bd_like ON public.account_emailconfirmation USING btree (key varchar_pattern_ops);


--
-- Name: auth_group_name_a6ea08ec_like; Type: INDEX; Schema: public; Owner: postgres
--

CREATE INDEX auth_group_name_a6ea08ec_like ON public.auth_group USING btree (name varchar_pattern_ops);


--
-- Name: auth_group_permissions_group_id_b120cbf9; Type: INDEX; Schema: public; Owner: postgres
--

CREATE INDEX auth_group_permissions_group_id_b120cbf9 ON public.auth_group_permissions USING btree (group_id);


--
-- Name: auth_group_permissions_permission_id_84c5c92e; Type: INDEX; Schema: public; Owner: postgres
--

CREATE INDEX auth_group_permissions_permission_id_84c5c92e ON public.auth_group_permissions USING btree (permission_id);


--
-- Name: auth_permission_content_type_id_2f476e4b; Type: INDEX; Schema: public; Owner: postgres
--

CREATE INDEX auth_permission_content_type_id_2f476e4b ON public.auth_permission USING btree (content_type_id);


--
-- Name: date_joined_idx; Type: INDEX; Schema: public; Owner: postgres
--

CREATE INDEX date_joined_idx ON public.users USING btree (date_joined);


--
-- Name: django_admin_log_content_type_id_c4bce8eb; Type: INDEX; Schema: public; Owner: postgres
--

CREATE INDEX django_admin_log_content_type_id_c4bce8eb ON public.django_admin_log USING btree (content_type_id);


--
-- Name: django_admin_log_user_id_c564eba6; Type: INDEX; Schema: public; Owner: postgres
--

CREATE INDEX django_admin_log_user_id_c564eba6 ON public.django_admin_log USING btree (user_id);


--
-- Name: django_session_expire_date_a5c62663; Type: INDEX; Schema: public; Owner: postgres
--

CREATE INDEX django_session_expire_date_a5c62663 ON public.django_session USING btree (expire_date);


--
-- Name: django_session_session_key_c0390e0f_like; Type: INDEX; Schema: public; Owner: postgres
--

CREATE INDEX django_session_session_key_c0390e0f_like ON public.django_session USING btree (session_key varchar_pattern_ops);


--
-- Name: django_site_domain_a2e37b91_like; Type: INDEX; Schema: public; Owner: postgres
--

CREATE INDEX django_site_domain_a2e37b91_like ON public.django_site USING btree (domain varchar_pattern_ops);


--
-- Name: mapel_created_by_id_30934bd3; Type: INDEX; Schema: public; Owner: postgres
--

CREATE INDEX mapel_created_by_id_30934bd3 ON public.mapel USING btree (created_by_id);


--
-- Name: mapel_kode_323bb0f0_like; Type: INDEX; Schema: public; Owner: postgres
--

CREATE INDEX mapel_kode_323bb0f0_like ON public.mapel USING btree (kode varchar_pattern_ops);


--
-- Name: mapel_organization_id_16cc68f3; Type: INDEX; Schema: public; Owner: postgres
--

CREATE INDEX mapel_organization_id_16cc68f3 ON public.mapel USING btree (organization_id);


--
-- Name: materi_created_by_id_a972af8f; Type: INDEX; Schema: public; Owner: postgres
--

CREATE INDEX materi_created_by_id_a972af8f ON public.materi USING btree (created_by_id);


--
-- Name: materi_mapel_id_93aebf67; Type: INDEX; Schema: public; Owner: postgres
--

CREATE INDEX materi_mapel_id_93aebf67 ON public.materi USING btree (mapel_id);


--
-- Name: materi_organization_id_c4f7f2b0; Type: INDEX; Schema: public; Owner: postgres
--

CREATE INDEX materi_organization_id_c4f7f2b0 ON public.materi USING btree (organization_id);


--
-- Name: nama_idx; Type: INDEX; Schema: public; Owner: postgres
--

CREATE INDEX nama_idx ON public.users USING btree (nama);


--
-- Name: organizations_email_75e3eff5_like; Type: INDEX; Schema: public; Owner: postgres
--

CREATE INDEX organizations_email_75e3eff5_like ON public.organizations USING btree (email varchar_pattern_ops);


--
-- Name: socialaccount_socialaccount_user_id_8146e70c; Type: INDEX; Schema: public; Owner: postgres
--

CREATE INDEX socialaccount_socialaccount_user_id_8146e70c ON public.socialaccount_socialaccount USING btree (user_id);


--
-- Name: socialaccount_socialapp_sites_site_id_2579dee5; Type: INDEX; Schema: public; Owner: postgres
--

CREATE INDEX socialaccount_socialapp_sites_site_id_2579dee5 ON public.socialaccount_socialapp_sites USING btree (site_id);


--
-- Name: socialaccount_socialapp_sites_socialapp_id_97fb6e7d; Type: INDEX; Schema: public; Owner: postgres
--

CREATE INDEX socialaccount_socialapp_sites_socialapp_id_97fb6e7d ON public.socialaccount_socialapp_sites USING btree (socialapp_id);


--
-- Name: socialaccount_socialtoken_account_id_951f210e; Type: INDEX; Schema: public; Owner: postgres
--

CREATE INDEX socialaccount_socialtoken_account_id_951f210e ON public.socialaccount_socialtoken USING btree (account_id);


--
-- Name: socialaccount_socialtoken_app_id_636a42d7; Type: INDEX; Schema: public; Owner: postgres
--

CREATE INDEX socialaccount_socialtoken_app_id_636a42d7 ON public.socialaccount_socialtoken USING btree (app_id);


--
-- Name: unique_primary_email; Type: INDEX; Schema: public; Owner: postgres
--

CREATE UNIQUE INDEX unique_primary_email ON public.account_emailaddress USING btree (user_id, "primary") WHERE "primary";


--
-- Name: unique_verified_email; Type: INDEX; Schema: public; Owner: postgres
--

CREATE UNIQUE INDEX unique_verified_email ON public.account_emailaddress USING btree (email) WHERE verified;


--
-- Name: users_email_0ea73cca_like; Type: INDEX; Schema: public; Owner: postgres
--

CREATE INDEX users_email_0ea73cca_like ON public.users USING btree (email varchar_pattern_ops);


--
-- Name: users_groups_group_id_2f3517aa; Type: INDEX; Schema: public; Owner: postgres
--

CREATE INDEX users_groups_group_id_2f3517aa ON public.users_groups USING btree (group_id);


--
-- Name: users_groups_user_id_f500bee5; Type: INDEX; Schema: public; Owner: postgres
--

CREATE INDEX users_groups_user_id_f500bee5 ON public.users_groups USING btree (user_id);


--
-- Name: users_organization_id_abe5d649; Type: INDEX; Schema: public; Owner: postgres
--

CREATE INDEX users_organization_id_abe5d649 ON public.users USING btree (organization_id);


--
-- Name: users_user_permissions_permission_id_6d08dcd2; Type: INDEX; Schema: public; Owner: postgres
--

CREATE INDEX users_user_permissions_permission_id_6d08dcd2 ON public.users_user_permissions USING btree (permission_id);


--
-- Name: users_user_permissions_user_id_92473840; Type: INDEX; Schema: public; Owner: postgres
--

CREATE INDEX users_user_permissions_user_id_92473840 ON public.users_user_permissions USING btree (user_id);


--
-- Name: users_username_e8658fc8_like; Type: INDEX; Schema: public; Owner: postgres
--

CREATE INDEX users_username_e8658fc8_like ON public.users USING btree (username varchar_pattern_ops);


--
-- Name: account_emailaddress account_emailaddress_user_id_2c513194_fk_users_id; Type: FK CONSTRAINT; Schema: public; Owner: postgres
--

ALTER TABLE ONLY public.account_emailaddress
    ADD CONSTRAINT account_emailaddress_user_id_2c513194_fk_users_id FOREIGN KEY (user_id) REFERENCES public.users(id) DEFERRABLE INITIALLY DEFERRED;


--
-- Name: account_emailconfirmation account_emailconfirm_email_address_id_5b7f8c58_fk_account_e; Type: FK CONSTRAINT; Schema: public; Owner: postgres
--

ALTER TABLE ONLY public.account_emailconfirmation
    ADD CONSTRAINT account_emailconfirm_email_address_id_5b7f8c58_fk_account_e FOREIGN KEY (email_address_id) REFERENCES public.account_emailaddress(id) DEFERRABLE INITIALLY DEFERRED;


--
-- Name: auth_group_permissions auth_group_permissio_permission_id_84c5c92e_fk_auth_perm; Type: FK CONSTRAINT; Schema: public; Owner: postgres
--

ALTER TABLE ONLY public.auth_group_permissions
    ADD CONSTRAINT auth_group_permissio_permission_id_84c5c92e_fk_auth_perm FOREIGN KEY (permission_id) REFERENCES public.auth_permission(id) DEFERRABLE INITIALLY DEFERRED;


--
-- Name: auth_group_permissions auth_group_permissions_group_id_b120cbf9_fk_auth_group_id; Type: FK CONSTRAINT; Schema: public; Owner: postgres
--

ALTER TABLE ONLY public.auth_group_permissions
    ADD CONSTRAINT auth_group_permissions_group_id_b120cbf9_fk_auth_group_id FOREIGN KEY (group_id) REFERENCES public.auth_group(id) DEFERRABLE INITIALLY DEFERRED;


--
-- Name: auth_permission auth_permission_content_type_id_2f476e4b_fk_django_co; Type: FK CONSTRAINT; Schema: public; Owner: postgres
--

ALTER TABLE ONLY public.auth_permission
    ADD CONSTRAINT auth_permission_content_type_id_2f476e4b_fk_django_co FOREIGN KEY (content_type_id) REFERENCES public.django_content_type(id) DEFERRABLE INITIALLY DEFERRED;


--
-- Name: django_admin_log django_admin_log_content_type_id_c4bce8eb_fk_django_co; Type: FK CONSTRAINT; Schema: public; Owner: postgres
--

ALTER TABLE ONLY public.django_admin_log
    ADD CONSTRAINT django_admin_log_content_type_id_c4bce8eb_fk_django_co FOREIGN KEY (content_type_id) REFERENCES public.django_content_type(id) DEFERRABLE INITIALLY DEFERRED;


--
-- Name: django_admin_log django_admin_log_user_id_c564eba6_fk_users_id; Type: FK CONSTRAINT; Schema: public; Owner: postgres
--

ALTER TABLE ONLY public.django_admin_log
    ADD CONSTRAINT django_admin_log_user_id_c564eba6_fk_users_id FOREIGN KEY (user_id) REFERENCES public.users(id) DEFERRABLE INITIALLY DEFERRED;


--
-- Name: mapel mapel_created_by_id_30934bd3_fk_users_id; Type: FK CONSTRAINT; Schema: public; Owner: postgres
--

ALTER TABLE ONLY public.mapel
    ADD CONSTRAINT mapel_created_by_id_30934bd3_fk_users_id FOREIGN KEY (created_by_id) REFERENCES public.users(id) DEFERRABLE INITIALLY DEFERRED;


--
-- Name: mapel mapel_organization_id_16cc68f3_fk_organizations_id; Type: FK CONSTRAINT; Schema: public; Owner: postgres
--

ALTER TABLE ONLY public.mapel
    ADD CONSTRAINT mapel_organization_id_16cc68f3_fk_organizations_id FOREIGN KEY (organization_id) REFERENCES public.organizations(id) DEFERRABLE INITIALLY DEFERRED;


--
-- Name: materi materi_created_by_id_a972af8f_fk_users_id; Type: FK CONSTRAINT; Schema: public; Owner: postgres
--

ALTER TABLE ONLY public.materi
    ADD CONSTRAINT materi_created_by_id_a972af8f_fk_users_id FOREIGN KEY (created_by_id) REFERENCES public.users(id) DEFERRABLE INITIALLY DEFERRED;


--
-- Name: materi materi_mapel_id_93aebf67_fk_mapel_id; Type: FK CONSTRAINT; Schema: public; Owner: postgres
--

ALTER TABLE ONLY public.materi
    ADD CONSTRAINT materi_mapel_id_93aebf67_fk_mapel_id FOREIGN KEY (mapel_id) REFERENCES public.mapel(id) DEFERRABLE INITIALLY DEFERRED;


--
-- Name: materi materi_organization_id_c4f7f2b0_fk_organizations_id; Type: FK CONSTRAINT; Schema: public; Owner: postgres
--

ALTER TABLE ONLY public.materi
    ADD CONSTRAINT materi_organization_id_c4f7f2b0_fk_organizations_id FOREIGN KEY (organization_id) REFERENCES public.organizations(id) DEFERRABLE INITIALLY DEFERRED;


--
-- Name: socialaccount_socialtoken socialaccount_social_account_id_951f210e_fk_socialacc; Type: FK CONSTRAINT; Schema: public; Owner: postgres
--

ALTER TABLE ONLY public.socialaccount_socialtoken
    ADD CONSTRAINT socialaccount_social_account_id_951f210e_fk_socialacc FOREIGN KEY (account_id) REFERENCES public.socialaccount_socialaccount(id) DEFERRABLE INITIALLY DEFERRED;


--
-- Name: socialaccount_socialtoken socialaccount_social_app_id_636a42d7_fk_socialacc; Type: FK CONSTRAINT; Schema: public; Owner: postgres
--

ALTER TABLE ONLY public.socialaccount_socialtoken
    ADD CONSTRAINT socialaccount_social_app_id_636a42d7_fk_socialacc FOREIGN KEY (app_id) REFERENCES public.socialaccount_socialapp(id) DEFERRABLE INITIALLY DEFERRED;


--
-- Name: socialaccount_socialapp_sites socialaccount_social_site_id_2579dee5_fk_django_si; Type: FK CONSTRAINT; Schema: public; Owner: postgres
--

ALTER TABLE ONLY public.socialaccount_socialapp_sites
    ADD CONSTRAINT socialaccount_social_site_id_2579dee5_fk_django_si FOREIGN KEY (site_id) REFERENCES public.django_site(id) DEFERRABLE INITIALLY DEFERRED;


--
-- Name: socialaccount_socialapp_sites socialaccount_social_socialapp_id_97fb6e7d_fk_socialacc; Type: FK CONSTRAINT; Schema: public; Owner: postgres
--

ALTER TABLE ONLY public.socialaccount_socialapp_sites
    ADD CONSTRAINT socialaccount_social_socialapp_id_97fb6e7d_fk_socialacc FOREIGN KEY (socialapp_id) REFERENCES public.socialaccount_socialapp(id) DEFERRABLE INITIALLY DEFERRED;


--
-- Name: socialaccount_socialaccount socialaccount_socialaccount_user_id_8146e70c_fk_users_id; Type: FK CONSTRAINT; Schema: public; Owner: postgres
--

ALTER TABLE ONLY public.socialaccount_socialaccount
    ADD CONSTRAINT socialaccount_socialaccount_user_id_8146e70c_fk_users_id FOREIGN KEY (user_id) REFERENCES public.users(id) DEFERRABLE INITIALLY DEFERRED;


--
-- Name: users_groups users_groups_group_id_2f3517aa_fk_auth_group_id; Type: FK CONSTRAINT; Schema: public; Owner: postgres
--

ALTER TABLE ONLY public.users_groups
    ADD CONSTRAINT users_groups_group_id_2f3517aa_fk_auth_group_id FOREIGN KEY (group_id) REFERENCES public.auth_group(id) DEFERRABLE INITIALLY DEFERRED;


--
-- Name: users_groups users_groups_user_id_f500bee5_fk_users_id; Type: FK CONSTRAINT; Schema: public; Owner: postgres
--

ALTER TABLE ONLY public.users_groups
    ADD CONSTRAINT users_groups_user_id_f500bee5_fk_users_id FOREIGN KEY (user_id) REFERENCES public.users(id) DEFERRABLE INITIALLY DEFERRED;


--
-- Name: users users_organization_id_abe5d649_fk_organizations_id; Type: FK CONSTRAINT; Schema: public; Owner: postgres
--

ALTER TABLE ONLY public.users
    ADD CONSTRAINT users_organization_id_abe5d649_fk_organizations_id FOREIGN KEY (organization_id) REFERENCES public.organizations(id) DEFERRABLE INITIALLY DEFERRED;


--
-- Name: users_user_permissions users_user_permissio_permission_id_6d08dcd2_fk_auth_perm; Type: FK CONSTRAINT; Schema: public; Owner: postgres
--

ALTER TABLE ONLY public.users_user_permissions
    ADD CONSTRAINT users_user_permissio_permission_id_6d08dcd2_fk_auth_perm FOREIGN KEY (permission_id) REFERENCES public.auth_permission(id) DEFERRABLE INITIALLY DEFERRED;


--
-- Name: users_user_permissions users_user_permissions_user_id_92473840_fk_users_id; Type: FK CONSTRAINT; Schema: public; Owner: postgres
--

ALTER TABLE ONLY public.users_user_permissions
    ADD CONSTRAINT users_user_permissions_user_id_92473840_fk_users_id FOREIGN KEY (user_id) REFERENCES public.users(id) DEFERRABLE INITIALLY DEFERRED;


--
-- PostgreSQL database dump complete
--

